,recipe_id,ingredient_id,quantity,unit
0,1,1, , 
1,1,2, , 
2,1,3, , 
3,1,4, , 
4,3,4, , 
5,3,5, , 
6,4,6, 1/2,cup
7,4,7,1 1/2,cups
8,4,8,1,tsp
9,4,9,1,tbsp
10,4,10,1,tbsp
11,4,11,1,tbsp
12,4,12, 1/2,tsp
13,4,13,1,tsp
14,4,14,14, 
15,4,15,1,tbsp
16,4,16,1 1/4,cups
17,4,17,1,tbsp
18,5,7,1 1/2,cups
19,5,6, 1/2,cup
20,5,8,1,tsp
21,5,17, , 
22,5,9,1,tbsp
23,5,10,1,tbsp
24,5,11,1,tbsp
25,5,12, 1/2,tsp
26,5,13,1,tsp
27,5,14,7, 
28,5,15,1,tbsp
29,5,16,1 1/4,cups
30,6,18,5,cups
31,6,8,1,tsp
32,6,11, 1/4,cup
33,6,19,1,tbsp
34,6,20,2,tbsp
35,6,13, 1/2,tsp
36,6,12, 1/4,tsp
37,6,15,2,tbsp
38,6,16, 1/4,cup
39,6,17,4,tbsp
40,7,21,1,cup
41,7,22, 1/3,cup
42,7,23, 1/4,cup
43,7,24,1,cup
44,7,23, , 
45,7,24,1 1/4,cups
46,8,25,1 1/2,cups
47,8,26, , 
48,8,27, 3/4,cup
49,8,28, 1/4,cup
50,8,29, 1/4,tsp
51,8,15, 1/2,tsp
52,8,8, 1/4,tsp
53,8,12,2, 
54,8,17, , 
55,9,30,2,cups
56,9,7, 1/4,cup
57,9,22,2,cups
58,9,31,2,tbsp
59,9,32,2,tbsp
60,9,33,1,tsp
61,9,17, 1/2,tsp
62,10,21,1,cup
63,10,26,2,tbsp
64,10,11, 1/2,tsp
65,10,13, 1/4,tsp
66,10,34,1,tbsp
67,10,15,1,tsp
68,10,8, 1/4,tsp
69,10,22, 1/4,cup
70,10,17, , 
71,11,25,1,cup
72,11,35,1,cup
73,11,36,1,tbsp
74,11,22,4,tbsp
75,11,37,4 to 5, 
76,11,23, , 
77,12,38,1 1/2,cups
78,12,8,1,tsp
79,12,17,1,tbsp
80,12,9,1,tbsp
81,12,6, 1/2,cup
82,12,10,1,tbsp
83,12,11,1,tbsp
84,12,12, 1/2,tsp
85,12,13,1,tsp
86,12,14,14, 
87,12,15,1,tbsp
88,12,16,1 1/4,cups
89,12,26,2,tbsp
90,12,39,1,tsp
91,12,40, 1/2,cup
92,12,41,2,tsp
93,12,42,1,tsp
94,12,43,1 1/2,cups
95,12,44, 1/2,cup
96,12,45,2,tsp
97,12,46,2,tsp
98,12,47,1,tbsp
99,12,17, , 
100,12,40,1,cup
101,12,45, , 
102,12,49,4, 
103,13,50,4,cups
104,13,26,5,tbsp
105,13,11,2,tsp
106,13,51,1,tsp
107,13,13, 1/2,tsp
108,13,9, 1/4,tsp
109,13,12, 1/4,tsp
110,13,52,2,tsp
111,13,53, 3/4,cup
112,13,17, , 
113,13,54, 1/2,cup
114,13,15,1,tsp
115,13,8, 1/4,tsp
116,13,55,2,tsp
117,13,17, , 
118,13,49, , 
119,14,56,1,tbsp
120,14,57, 1/2,cup
121,14,58,1,tsp
122,14,11,1,tsp
123,14,51, 1/2,tsp
124,14,9, 1/4,tsp
125,14,13, 1/4,tsp
126,14,39,1,tsp
127,14,8, 1/4,tsp
128,14,16,1,tbsp
129,14,17, , 
130,14,59,1 1/2,cups
131,14,26, , 
132,14,23, , 
133,15,56,1,tbsp
134,15,57, 1/2,cup
135,15,58,1,tsp
136,15,11,1,tsp
137,15,51, 1/2,tsp
138,15,9, 1/4,tsp
139,15,13, 1/4,tsp
140,15,39,1,tsp
141,15,8, 1/4,tsp
142,15,16,1,tbsp
143,15,17, , 
144,15,59,1 1/2,cups
145,15,26, , 
146,16,60,1 1/2,cups
147,16,16,2,tbsp
148,16,39,2,tsp
149,16,11,1,tsp
150,16,9, 1/4,tsp
151,16,13, 1/4,tsp
152,16,51, 1/4,tsp
153,16,40, 1/2,cup
154,16,42,2,tsp
155,16,41,1,tsp
156,16,8, 1/4,tsp
157,16,47, 1/4,cup
158,16,17, , 
159,16,61,5, 
160,16,13, , 
161,16,8, , 
162,16,15, , 
163,16,26,1,tbsp
164,17,57, 3/4,cup
165,17,17, , 
166,17,9, 1/4,tsp
167,17,51, 1/4,tsp
168,17,39, 1/2,tsp
169,17,11, 1/2,tsp
170,17,13, 1/4,tsp
171,17,26, 1/2,tsp
172,17,12, , 
173,17,47, 1/4,cup
174,17,41, 1/2,tsp
175,17,62, 1/2,tbsp
176,17,63, , 
177,18,64,1,tbsp
178,18,15,1,tsp
179,18,8, 1/2,tsp
180,18,17, , 
181,18,26,1,tsp
182,18,65,2,cups
183,18,26, , 
184,18,11,1,tsp
185,18,51,1,tsp
186,18,9,1,tsp
187,18,13,1,tsp
188,18,39, 1/2,tsp
189,18,12, 1/2,tsp
190,18,26,2,tbsp
191,18,40, 1/2,cup
192,18,64,1,tsp
193,18,41,1,tsp
194,18,8, 1/2,tsp
195,18,15, 1/2,tsp
196,18,67, 1/2,tsp
197,18,68, 1/2,tsp
198,18,17, , 
199,18,54, 3/4,cup
200,18,69, 1/2,cup
201,18,47,2,tbsp
202,19,70,2,tbsp
203,19,71, 1/2,cup
204,19,72,1 1/4,cups
205,19,73,2,tbsp
206,19,11,1,tsp
207,19,51,1,tsp
208,19,9,1,tsp
209,19,13,1,tsp
210,19,74,2, 
211,19,39, 1/2,tsp
212,19,12, 1/2,tsp
213,19,66, 1/2,cup
214,19,64,1,tsp
215,19,8, 1/2,tsp
216,19,15, 1/2,tsp
217,19,46, 1/2,tsp
218,19,17, , 
219,19,47,2,tbsp
220,20,59,1,cup
221,20,26,1,tbsp
222,20,11,1,tsp
223,20,51, 1/4,tsp
224,20,9, 1/4,tsp
225,20,13,1,tsp
226,20,39, 1/2,tsp
227,20,12, 1/2,tsp
228,20,66, 1/2,cup
229,20,8, 1/2,tsp
230,20,15, 1/2,tsp
231,20,75, 1/2,tsp
232,20,54, 3/4,cup
233,20,76,1,tsp
234,20,47,2,tbsp
235,20,17, , 
236,21,59,1 1/4,cups
237,21,26,1,tbsp
238,21,51,1,tsp
239,21,9, 1/2,tsp
240,21,39,1,tsp
241,21,13,1,tsp
242,21,11,1,tsp
243,21,8, 1/4,tsp
244,21,15,1,tsp
245,21,54, 1/2,cup
246,21,56,1,tbsp
247,21,17, , 
248,21,77,3,cups
249,21,26,1,tbsp
250,21,78,1 to 2, 
251,21,79,2, 
252,21,80, 1/2,tsp
253,21,81,2, 
254,21,17, , 
255,21,47,1,tbsp
256,22,82, 1/2,cup
257,22,83, 1/4,cup
258,22,84,2,tbsp
259,22,85,2,tbsp
260,22,9,1,tsp
261,22,40, 1/4,cup
262,22,12, , 
263,22,86,1,tsp
264,22,47,2,tbsp
265,22,8, 1/4,tsp
266,22,87,1,tbsp
267,22,17, , 
268,22,26,3,tsp
269,23,88,1,cup
270,23,89, 1/4,cup
271,23,90, 1/4,cup
272,23,85,2,tbsp
273,23,52,1,tsp
274,23,91,4, 
275,23,92,4, 
276,23,39, 1/2,tsp
277,23,40, 1/4,cup
278,23,12, 1/4,tsp
279,23,87,1,tbsp
280,23,93,2,tbsp
281,23,17, , 
282,23,94, , 
283,23,95, , 
284,24,77, 1/2,cup
285,24,89, 1/4,cup
286,24,90, 1/4,cup
287,24,85, 1/4,cup
288,24,14,5 to 6, 
289,24,12, , 
290,24,93,2,tbsp
291,24,96, 1/4,cup
292,24,97, 1/4,cup
293,24,40, 1/2,cup
294,24,47, 1/4,cup
295,24,87,1,tbsp
296,24,17, , 
297,24,26,3 3/4,tsp
298,25,98,1,tbsp
299,25,99,5,cups
300,25,62, 1/2,cup
301,25,100, 1/2,tbsp
302,25,17, 1/2,tsp
303,26,101,2, 
304,26,102,1 1/2,tsp
305,26,103,1,tsp
306,26,22,1,tsp
307,26,104, 1/2,tsp
308,27,59,2,cups
309,27,105,1,tbsp
310,27,106,3,tbsp
311,27,33,1,tbsp
312,27,107, 1/4,cup
313,27,108,2,tbsp
314,27,109,2,tbsp
315,27,110,1,tsp
316,27,46,1,tsp
317,27,111,1,tsp
318,27,17, , 
319,27,26, , 
320,28,29, 1/2,tsp
321,28,8, 1/4,tsp
322,28,108,1,cup
323,29,29,10 to 12, 
324,29,73,1,tbsp
325,29,39, 1/2,tsp
326,29,112,8 to 10, 
327,29,113,1 to 2, 
328,29,93, 1/2,cup
329,29,35,1,cup
330,29,17, , 
331,30,29,20, 
332,30,26, , 
333,30,27,1,cup
334,30,15, 1/2,tsp
335,30,8, 1/4,tsp
336,30,12,2, 
337,30,26,1,tbsp
338,30,17, , 
339,31,29,2,tsp
340,31,114,2,cups
341,32,115,1,cup
342,32,29, 1/2,tsp
343,32,26,2,tsp
344,32,17, , 
345,32,115, , 
346,32,73, , 
347,32,116, , 
348,33,117, 1/2,cup
349,33,118, 1/4,cup
350,33,22, 1/4,cup
351,33,26, , 
352,33,119, 1/2,cup
353,33,107, 1/4,cup
354,33,120,5, 
355,34,121,1,cup
356,34,122, 1/4,cup
357,34,73,1,tbsp
358,34,22, 1/4,cup
359,34,123,1,tbsp
360,35,28,1 1/2,cups
361,35,40, 1/2,cup
362,35,96, 1/2,cup
363,35,47, 1/4,cup
364,35,52,1,tsp
365,35,41,2,tsp
366,35,124,1,tsp
367,35,93,5,tbsp
368,35,17, , 
369,35,26,4 1/2,tsp
370,36,125,1 1/2,cups
371,36,115,1 1/2,tbsp
372,36,40, 1/4,cup
373,36,47,2,tbsp
374,36,39, 1/2,tsp
375,36,15, 1/4,tsp
376,36,8, 1/4,tsp
377,36,126, 1/2,tsp
378,36,127, 1/2,tsp
379,36,17, , 
380,36,26,2,tsp
381,37,128,6,tbsp
382,37,129,1, 
383,37,130,1, 
384,37,131,1, 
385,37,132,1, 
386,37,133,2 1/4,tsp
387,37,17, , 
388,37,134,12, 
389,37,135,2,tbsp
390,37,136,1,tsp
391,37,17, , 
392,37,137,1,tsp
393,37,138,2,tbsp
394,37,139,1 1/2,tbsp
395,37,133, 1/2,tbsp
396,37,62,2,tsp
397,37,17, , 
398,38,140, 1/2,cup
399,38,141,4,tbsp
400,38,53,4,tbsp
401,38,128,4,tbsp
402,38,17, , 
403,38,142,8, 
404,38,109,2,tbsp
405,38,143,4, 
406,39,115,1,cup
407,39,144,1 1/2,tbsp
408,39,17, , 
409,39,26,1,tsp
410,39,145, 1/2,cup
411,39,146, 1/2,cup
412,39,147, 1/2,cup
413,39,148, 1/2,cup
414,39,47, 1/4,cup
415,39,149, 1/2,cup
416,39,15,1,tsp
417,39,17, , 
418,39,115, , 
419,39,26,2 1/2,tsp
420,40,150, 3/4,cup
421,40,151, 3/4,cup
422,40,152,1 1/2,cups
423,41,131,1 to 2, 
424,41,153,2 to 3, 
425,41,154,3, 
426,41,155, , 
427,42,156,8, 
428,42,157,24, 
429,42,133,1,tsp
430,42,133,2,tsp
431,42,158, 1/4,tsp
432,43,76,1 3/4,cups
433,43,17, , 
434,43,109, 3/4,cup
435,43,62,1,tbsp
436,43,159, 1/2,cup
437,43,160,1 1/4,cups
438,43,161, 1/2,tsp
439,43,22,2,tbsp
440,43,162,6,tbsp
441,43,163,2,tbsp
442,43,164, , 
443,44,165,4,tbsp
444,44,166,1,cup
445,44,108,1 1/2,cups
446,44,22,2,tbsp
447,44,167, 1/2,tsp
448,44,37,8, 
449,45,168,1,cup
450,45,158, 1/4,tsp
451,45,94, 1/4,cup
452,45,169,3,tbsp
453,45,170,1,tsp
454,45,93, 1/2,cup
455,45,171, 1/2,cup
456,45,172, 1/2,cup
457,45,173, 1/4,cup
458,45,174, 1/4,cup
459,45,94, , 
460,46,168,1,cup
461,46,73,2,tsp
462,46,17, , 
463,46,73, , 
464,47,175, 1/2,cup
465,47,176,3,cups
466,47,73,2,tbsp
467,47,79,2, 
468,47,81,2, 
469,47,177,25,mm
470,47,178,1, 
471,47,80,1,tsp
472,47,40, 1/2,cup
473,47,58,1,tsp
474,47,179, 1/2,cup
475,47,44, 1/2,cup
476,47,41,1,tsp
477,47,180,1,tbsp
478,47,161,1,tbsp
479,47,181, 1/4,cup
480,47,182,1,tbsp
481,48,183,5,tbsp
482,48,168, 1/2,cup
483,48,76,1 1/2,cups
484,48,184,2,tsp
485,48,104,1,tsp
486,48,185, 1/2,cup
487,48,186,3, 
488,48,167,1,tsp
489,48,26, , 
490,49,173, 1/4,cup
491,49,76,1,cup
492,49,184, 1/2,tsp
493,49,167,1,tsp
494,49,62, 1/4,cup
495,49,109, 1/4,cup
496,49,108,2 1/2,tbsp
497,50,159, 1/2,cup
498,50,173, 1/4,cup
499,50,76,1 1/2,cups
500,50,187,5,tbsp
501,50,62, 1/2,cup
502,50,167, 1/4,tsp
503,50,108, 1/4,cup
504,51,168,1 1/4,cups
505,51,188, 1/2,cup
506,51,189,4,tbsp
507,51,190,2,tsp
508,51,17,1,tsp
509,51,184,1,tsp
510,52,191,1,cup
511,52,192,1,cup
512,52,193,1 3/4,cups
513,52,194, 1/2,tsp
514,52,17, 1/4,tsp
515,52,167,1,tsp
516,52,169, 1/4,cup
517,52,195,1,cup
518,53,196,12, 
519,53,62,1,tbsp
520,53,197,1,tbsp
521,53,114, 1/4,cup
522,53,164, 3/4,cup
523,53,62,2 1/2,tbsp
524,53,197,1,tsp
525,53,167, , 
526,53,198,2,tbsp
527,53,173,2,tbsp
528,54,168,1,cup
529,54,186,4, 
530,54,199, 1/4,cup
531,54,200,1,tbsp
532,54,158, 1/2,tsp
533,54,201, 1/2,tsp
534,54,169,2,tsp
535,54,202, 1/2,tsp
536,54,109, , 
537,55,168,20, 
538,55,203,1,tsp
539,55,177,1, 
540,55,167, 1/4,tsp
541,56,204, 1/4,cup
542,56,205, 1/4,cup
543,56,206, 1/4,cup
544,56,207, 1/4,cup
545,56,208,1 1/2,tbsp
546,56,108,1,cup
547,56,22,2,tbsp
548,56,69,1,tbsp
549,56,167, 1/4,tsp
550,56,209, , 
551,56,210,1,tbsp
552,57,168,20, 
553,57,114, 3/4,cup
554,58,168, 3/4,cup
555,58,108,5,cups
556,58,22, 1/2,cup
557,58,211, 1/2,tsp
558,58,212,1,tsp
559,58,213,1,tsp
560,59,159, 1/3,cup
561,59,105,2,tbsp
562,59,33,2,tbsp
563,59,211, 1/4,tsp
564,59,22, 1/2,cup
565,59,26, , 
566,60,214, 1/2,cup
567,60,22, 1/2,cup
568,60,167, 1/2,tsp
569,60,26, , 
570,61,22,1,cup
571,61,106, 3/4,cup
572,61,26, , 
573,61,215, , 
574,61,216, , 
575,61,217, , 
576,61,218,1, 
577,61,219, 1/2,cup
578,61,220,1 1/2,cups
579,61,100, , 
580,61,209, , 
581,61,221, , 
582,61,222, 1/4,cup
583,61,223,6, 
584,61,224, , 
585,61,225, , 
586,61,226, , 
587,62,168, 1/4,cup
588,62,227, 1/4,cup
589,62,108, 1/4,cup
590,63,168, 1/4,cup
591,63,227, 1/4,cup
592,63,108, 1/4,cup
593,64,168,1,cup
594,64,108,1,cup
595,64,73,1,tbsp
596,64,22, 1/2,cup
597,64,211, 1/2,tsp
598,64,228, , 
599,64,173,2,tbsp
600,65,168,20, 
601,65,229,3,cups
602,65,109,2,tsp
603,65,76,1,tbsp
604,65,209,3 to 4, 
605,65,17, , 
606,65,107,2,tbsp
607,65,173,2,tbsp
608,66,76,2 1/2,cups
609,66,109,1 1/2,cups
610,66,230,1,cup
611,66,167,2,tsp
612,66,168,4,tbsp
613,66,204,1,cup
614,66,164,1 1/2,cups
615,66,230, , 
616,66,231,2, 
617,66,231,1,recipe
618,67,232, 1/4,cup
619,67,159, 1/2,cup
620,67,233, 1/3,cup
621,67,73,1,tsp
622,67,73, 1/2,tsp
623,67,232, 1/4,cup
624,67,168, 1/2,cup
625,67,233, 1/3,cup
626,67,73,1,tsp
627,67,73, 1/2,tsp
628,68,26,2,tsp
629,68,234,1, 
630,68,42,2,tsp
631,68,235,2,tsp
632,68,236, 1/2,cup
633,68,237, 1/2,cup
634,68,238, 1/2,cup
635,68,239, 1/2,cup
636,68,240, 1/2,cup
637,68,241, 1/2,cup
638,68,242, 1/2,cup
639,68,243, 1/2,cup
640,68,244, 1/4,cup
641,68,245,1,cup
642,68,17, , 
643,68,246,2,tsp
644,68,247, 1/4,cup
645,68,248,3,cups
646,69,249,1,cup
647,69,44, 1/4,cup
648,69,26,1,tbsp
649,69,41,1,tsp
650,69,45,1,tsp
651,69,100,1,tsp
652,69,17, , 
653,69,47,1,tbsp
654,70,250,1,cup
655,70,251,1,cup
656,70,35, 3/4,cup
657,70,252,2,tbsp
658,70,17, , 
659,70,26,1,tbsp
660,70,39,1,tsp
661,70,253,1,tsp
662,70,22,2,tsp
663,70,47,1,tbsp
664,71,76, 1/4,cup
665,71,115, 1/4,cup
666,71,26, 1/2,tbsp
667,71,17, , 
668,71,254,1 1/2,cups
669,71,255,1 1/2,cups
670,71,26,2,tbsp
671,71,39,1,tsp
672,71,41,2,tsp
673,71,47,2,tbsp
674,71,36,2,tbsp
675,71,17, , 
676,71,96, 1/2,cup
677,71,256, 1/2,cup
678,71,45,1,tsp
679,71,257,6,tsp
680,71,115, , 
681,71,26, , 
682,71,258, , 
683,72,249,2 1/4,cups
684,72,259,2 1/4,cups
685,72,73,1 1/2,tbsp
686,72,260,1, 
687,72,177,1, 
688,72,261,1, 
689,72,262,1, 
690,72,13, 1/2,tsp
691,72,51, 1/4,tsp
692,72,9, 1/4,tsp
693,72,54,1,tbsp
694,72,12, , 
695,72,15, 1/2,tsp
696,72,55,1,tsp
697,72,8, 1/4,tsp
698,72,53, 1/4,cup
699,72,68, 1/2,tsp
700,72,22, 1/4,tsp
701,72,17, , 
702,73,263,2, 
703,73,264,2, 
704,73,265,4,tbsp
705,73,266,4,tbsp
706,73,267, 1/2,cup
707,73,35,1,cup
708,73,75, 1/4,tsp
709,73,268, 1/2,tsp
710,73,15, 1/4,tsp
711,73,17, , 
712,73,269, 1/2,cup
713,73,270, 1/2,cup
714,74,271,2,cups
715,74,272,2,cups
716,74,26,4,tbsp
717,74,267,6,tbsp
718,74,257,4,tbsp
719,74,54,1,cup
720,74,273, , 
721,74,268, , 
722,74,15, , 
723,74,17, , 
724,74,47,1,tbsp
725,75,263,2, 
726,75,263,2, 
727,75,257,4,tbsp
728,75,267, 1/2,cup
729,75,35,1,cup
730,75,75, 1/4,tsp
731,75,268, 1/2,tsp
732,75,15, 1/4,tsp
733,75,265,4,tbsp
734,75,17, , 
735,75,274, 1/2,cup
736,75,270, 1/2,cup
737,76,249, 3/4,cup
738,76,275,2,cups
739,76,26,3,tbsp
740,76,40, 1/2,cup
741,76,53, 1/2,cup
742,76,126, 1/2,tsp
743,76,127, 1/2,tsp
744,76,34,1,tsp
745,76,15, 1/2,tsp
746,76,46, 1/2,tsp
747,76,8, 1/4,tsp
748,76,12, 1/4,tsp
749,76,68, 1/2,tsp
750,76,17, , 
751,76,107,1,tbsp
752,76,47,1,tbsp
753,76,276,1,tsp
754,77,43, 3/4,cup
755,77,27,1 3/4,cups
756,77,28,2,tbsp
757,77,15,2,tsp
758,77,8, 1/4,tsp
759,77,46, 1/2,tsp
760,77,68, 1/2,tsp
761,77,17, , 
762,77,26, , 
763,77,75, 1/2,tsp
764,77,45,1,tsp
765,78,277,3,cups
766,78,73,1 1/2,tbsp
767,78,17, , 
768,78,181, 1/2,cup
769,78,53,1,cup
770,78,93, 1/4,cup
771,78,52, 1/2,tsp
772,78,58,1,tbsp
773,78,41,2,tsp
774,78,36,2,tbsp
775,78,47,2,tbsp
776,78,39, 1/2,tsp
777,78,114, 1/4,cup
778,78,26,2,tbsp
779,78,178,1, 
780,78,79,2, 
781,78,92,3, 
782,78,278,2, 
783,78,177,1, 
784,78,8, 1/4,tsp
785,78,15,1,tsp
786,78,34,1 1/2,tsp
787,78,46, 1/2,tsp
788,78,17, , 
789,78,279,1 1/4,cups
790,78,36,2,tbsp
791,78,47,2,tbsp
792,79,280,16, 
793,79,281,1, 
794,79,282,1, 
795,79,161,1 1/2,tsp
796,79,45,1,tsp
797,79,283,1,tbsp
798,79,17, , 
799,80,271,3,cups
800,80,26,2,tbsp
801,80,41,1,tbsp
802,80,47, 1/4,cup
803,80,36,2,tbsp
804,80,52,2,tsp
805,80,45,2,tsp
806,80,161,1,tbsp
807,80,17, , 
808,80,47,1,tbsp
809,81,284,1 1/4,cups
810,81,26,3,tbsp
811,81,15,1,tsp
812,81,55,2,tbsp
813,81,8, 1/4,tsp
814,81,68,2,tsp
815,81,27,2,tsp
816,81,17, , 
817,81,47,2,tbsp
818,81,285, 1/2,cup
819,81,286,2,tsp
820,81,257,4,tsp
821,81,287,2,tbsp
822,81,268,2, 
823,81,15,2, 
824,81,288,4,tbsp
825,81,90,4,tsp
826,81,289,4,tbsp
827,81,47,2,tbsp
828,82,290,5, 
829,82,26,2,tsp
830,82,250,1,cup
831,82,40,2,tbsp
832,82,47,1,tbsp
833,82,45, 1/2,tsp
834,82,68, 1/8,tsp
835,82,15, 1/2,tsp
836,82,17, , 
837,82,291,5,tbsp
838,82,54,10,tsp
839,82,287,5,tsp
840,82,268, 1/2,tsp
841,82,47,2 1/2,tsp
842,83,292,3,cups
843,83,17, , 
844,83,137, 1/2,tsp
845,83,76, 1/2,cup
846,83,293, , 
847,83,26, , 
848,83,138, 1/2,cup
849,83,294, 1/2,cup
850,83,295,2,tbsp
851,83,295, , 
852,84,76, 3/4,cup
853,84,26, 1/2,tbsp
854,84,17, , 
855,84,76, , 
856,84,26, , 
857,84,296,1 1/2,cups
858,84,294, 1/2,cup
859,84,246,3,tbsp
860,84,41,2,tsp
861,84,46, 1/2,tsp
862,84,161,1,tsp
863,84,17, , 
864,84,26, , 
865,84,114,2,tbsp
866,84,15, 1/2,tsp
867,84,68,1,tsp
868,84,46, 1/4,tsp
869,84,17, , 
870,84,40, 1/2,cup
871,84,15, 1/2,tsp
872,84,68, 1/2,tsp
873,84,17, , 
874,85,43,1 3/4,cups
875,85,109,1 1/2,tbsp
876,85,64,1,tsp
877,85,15, 3/4,tsp
878,85,46,1,tsp
879,85,45, 1/2,tsp
880,85,47,1,tbsp
881,85,17, , 
882,85,40, 1/2,cup
883,85,15, 3/4,tsp
884,85,68, 1/2,tsp
885,85,17, , 
886,85,114,3,tbsp
887,85,15, 1/2,tsp
888,85,68,1,tsp
889,85,46, 1/4,tsp
890,85,17, , 
891,85,49,4, 
892,85,297,4,tsp
893,86,249,2,cups
894,86,16,2,tbsp
895,86,298, 1/4,tsp
896,86,299,1,tsp
897,86,15, 1/2,tsp
898,86,34,1,tsp
899,86,268,1,tsp
900,86,12, 1/4,tsp
901,86,46, 1/2,tsp
902,86,68, 1/2,tsp
903,86,17, , 
904,86,47,2,tbsp
905,87,249, 3/4,cup
906,87,300,1,cup
907,87,77, 3/4,cup
908,87,73,2,tsp
909,87,39, 1/2,tsp
910,87,177,25,mm
911,87,79,3, 
912,87,178,1, 
913,87,8, 1/4,tsp
914,87,15, 1/2,tsp
915,87,17, , 
916,87,47,1,tbsp
917,88,249, 3/4,cup
918,88,300,1,cup
919,88,72,1 1/2,cups
920,88,73,2,tbsp
921,88,177,25,mm
922,88,79,5 to 6, 
923,88,301,2, 
924,88,8, 1/2,tsp
925,88,15,1,tsp
926,88,17, , 
927,88,302,2,tbsp
928,89,72,1 1/2,cups
929,89,249,1,cup
930,89,300,1,cup
931,89,303,2, 
932,89,79,5 to 6, 
933,89,177,25,mm
934,89,8,2,tsp
935,89,304, 1/4,tsp
936,89,15,1,tsp
937,89,46,1,tsp
938,89,26,2,tbsp
939,89,17, , 
940,89,305, , 
941,90,306,1,cup
942,90,307, 1/2,cup
943,90,26,2,tbsp
944,90,39, 1/2,tsp
945,90,86,2,tsp
946,90,34,1,tsp
947,90,8, 1/2,tsp
948,90,45,2,tsp
949,90,17, , 
950,90,115,1,cup
951,90,26,1,tsp
952,90,17, , 
953,90,26,2 to 3, 
954,90,115, , 
955,90,26, , 
956,90,308, , 
957,90,309, , 
958,91,310,1 1/2,cups
959,91,300,1,cup
960,91,311,1,cup
961,91,26,1,tbsp
962,91,39,1,tsp
963,91,12, 1/4,tsp
964,91,86,1 1/2,tsp
965,91,45,1 1/2,tsp
966,91,17, , 
967,91,26, , 
968,92,312,1,cup
969,92,300,1 1/2,cups
970,92,26,1 1/2,tbsp
971,92,39,1,tsp
972,92,12, 1/4,tsp
973,92,14,2, 
974,92,52,1,tsp
975,92,58,1,tsp
976,92,41,1,tsp
977,92,17, , 
978,92,8, 1/4,tsp
979,92,15,1,tsp
980,92,46, 1/2,tsp
981,92,68, 1/2,tsp
982,92,313, , 
983,92,314, , 
984,93,315, 1/4,tsp
985,93,316,1 1/2,tsp
986,93,317,1,tbsp
987,93,318,2, 
988,93,36,2,tbsp
989,93,47,2,tbsp
990,93,161,1,tbsp
991,93,17, , 
992,93,8, 1/2,tsp
993,93,15,1,tsp
994,93,79,2, 
995,93,278,2, 
996,93,16,2,tbsp
997,93,35, 1/2,cup
998,93,26,1,tbsp
999,93,161,1,tsp
1000,93,268, 1/2,tsp
1001,93,46, 1/2,tsp
1002,93,17, , 
1003,93,319,2,cups
1004,93,320, 1/2,cup
1005,93,321, 1/2,cup
1006,93,26,1,tbsp
1007,93,48, , 
1008,94,322,2, 
1009,94,109, , 
1010,94,255, 1/2,cup
1011,94,39, 1/2,tsp
1012,94,12, 1/4,tsp
1013,94,41,1,tsp
1014,94,47,2,tbsp
1015,94,36,2,tbsp
1016,94,75, 1/2,tsp
1017,94,26, 1/2,tbsp
1018,94,17, , 
1019,94,257, , 
1020,95,263,1,cup
1021,95,323,1,cup
1022,95,40, 1/4,cup
1023,95,47, 1/4,cup
1024,95,36,2,tbsp
1025,95,109,1,tsp
1026,95,15, 1/2,tsp
1027,95,268,1,tsp
1028,95,68, 1/2,tsp
1029,95,75, 1/2,tsp
1030,95,22, 1/2,tsp
1031,95,17, , 
1032,96,324,2,cups
1033,96,73,3,tbsp
1034,96,39, 1/2,tsp
1035,96,325, 1/2,tsp
1036,96,13, 1/4,tsp
1037,96,9, 1/4,tsp
1038,96,14,3, 
1039,96,64,2,tsp
1040,96,66, 1/2,cup
1041,96,8, 1/4,tsp
1042,96,17, , 
1043,96,45, 1/2,tsp
1044,96,47,2,tsp
1045,97,326, 1/2,cup
1046,97,76,1 1/4,cups
1047,97,115,1,cup
1048,97,15,1,tsp
1049,97,34,1,tsp
1050,97,268, 1/2,tsp
1051,97,8, 1/4,tsp
1052,97,137, 1/4,tsp
1053,97,73,1,tbsp
1054,97,47,2,tbsp
1055,97,17, , 
1056,97,26, , 
1057,98,271,2,cups
1058,98,26,1,tbsp
1059,98,39,1,tsp
1060,98,327,3 to 4, 
1061,98,8, 1/4,tsp
1062,98,15,1,tsp
1063,98,55,1 1/2,tsp
1064,98,22,1,tbsp
1065,98,161,2,tsp
1066,98,17, , 
1067,98,47,2,tbsp
1068,99,43,2 1/4,cups
1069,99,41,1,tbsp
1070,99,47,2,tbsp
1071,99,68,1 1/2,tsp
1072,99,17, , 
1073,99,76,2,cups
1074,99,328,2,tsp
1075,99,22,1,tsp
1076,99,35,2,tbsp
1077,99,17, , 
1078,99,26,1,tsp
1079,99,76, , 
1080,99,232,3,tsp
1081,99,47,6,tsp
1082,99,109, , 
1083,100,296,1,cup
1084,100,36, 1/2,cup
1085,100,41, 1/2,tbsp
1086,100,268, 1/2,tsp
1087,100,161, 1/2,tsp
1088,100,17, , 
1089,100,76, 1/3,cup
1090,100,329, 1/3,cup
1091,100,26, , 
1092,100,330, , 
1093,101,249,2,cups
1094,101,26, , 
1095,101,73,2,tbsp
1096,101,80,1,tsp
1097,101,40, 1/2,cup
1098,101,331,2,tbsp
1099,101,8, 1/4,tsp
1100,101,46,1,tsp
1101,101,15,1,tsp
1102,101,54, 1/4,cup
1103,101,108, 1/2,cup
1104,101,17, , 
1105,101,332,4,tbsp
1106,101,58,1,tsp
1107,101,52,1,tsp
1108,101,47,1,tbsp
1109,102,271,2,cups
1110,102,45,1,tsp
1111,102,55,1,tsp
1112,102,26,1,tbsp
1113,102,52, 1/2,tsp
1114,102,41,1,tsp
1115,102,333, 1/2,cup
1116,102,15, 1/4,tsp
1117,102,334,1,tbsp
1118,102,17, , 
1119,102,161,1 1/2,tsp
1120,102,47,1,tbsp
1121,103,271,1 1/2,cups
1122,103,335,4,cups
1123,103,17, , 
1124,103,26,4,tbsp
1125,103,39,1,tsp
1126,103,12, 1/4,tsp
1127,103,58,1,tsp
1128,103,52,1,tsp
1129,103,41,1,tsp
1130,103,14,2, 
1131,103,8, 1/2,tsp
1132,103,55,2,tsp
1133,104,115,1,cup
1134,104,26,1,tsp
1135,104,17, , 
1136,104,336,1 1/4,cups
1137,104,337,1,cup
1138,104,26,2,tbsp
1139,104,39, 1/2,tsp
1140,104,86,2,tsp
1141,104,8, 1/2,tsp
1142,104,34,1,tsp
1143,104,45,1,tsp
1144,104,17, , 
1145,104,115, , 
1146,104,26, , 
1147,104,116, , 
1148,104,309, , 
1149,105,296,1,cup
1150,105,335, 1/2,cup
1151,105,26,2,tsp
1152,105,39,1,tsp
1153,105,52, 1/2,tsp
1154,105,41,2,tsp
1155,105,40, 1/4,cup
1156,105,276,1,tbsp
1157,105,17, , 
1158,105,46, 1/2,tsp
1159,105,68,2,tsp
1160,105,8, 1/2,tsp
1161,105,47, 1/4,cup
1162,105,76, 1/2,cup
1163,105,293, 1/2,cup
1164,105,26, , 
1165,105,257, , 
1166,106,338,1, 
1167,106,339, 1/2,cup
1168,106,337, 3/4,cup
1169,106,340, 3/4,cup
1170,106,8, 1/2,tsp
1171,106,68,2,tsp
1172,106,341,1,tsp
1173,106,17, , 
1174,106,115, , 
1175,106,342, , 
1176,106,280,1 1/4,cups
1177,106,44,1,cup
1178,106,73,1,tbsp
1179,106,81,2, 
1180,106,79,2, 
1181,106,178,1, 
1182,106,107, 1/4,cup
1183,106,35,2,tbsp
1184,106,46,1,tsp
1185,106,17, , 
1186,106,40,1,cup
1187,106,122,2,tbsp
1188,106,52,1,tsp
1189,106,41,2,tsp
1190,107,250,1,cup
1191,107,343, 3/4,cup
1192,107,26,1,tbsp
1193,107,39, 1/2,tsp
1194,107,40, 1/2,cup
1195,107,86, 1/2,tsp
1196,107,127, 1/2,tsp
1197,107,53,1,cup
1198,107,8, 1/2,tsp
1199,107,15,1,tsp
1200,107,46, 1/2,tsp
1201,107,22, 1/2,tsp
1202,107,17, , 
1203,107,47,1,tbsp
1204,108,249,2,cups
1205,108,344,2,cups
1206,108,66,2,cups
1207,108,40, 1/2,cup
1208,108,228, 1/2,tsp
1209,108,35,2,tbsp
1210,108,47,2,tbsp
1211,108,26,2,tbsp
1212,108,17, , 
1213,108,26, , 
1214,108,345,2,tbsp
1215,108,346,1, 
1216,108,79,6, 
1217,108,113,4, 
1218,109,66, 1/2,cup
1219,109,106, 1/4,cup
1220,109,105,2,tbsp
1221,109,41,1,tbsp
1222,109,271,1 1/2,cups
1223,109,44,1 1/2,cups
1224,109,26,2,tsp
1225,109,81,2, 
1226,109,178,1, 
1227,109,64,2,tsp
1228,109,347, 1/2,cup
1229,109,8, 1/4,tsp
1230,109,15, 1/4,tsp
1231,109,46, 1/4,tsp
1232,109,22, 1/2,tsp
1233,109,107,2,tbsp
1234,109,17, , 
1235,109,47,2,tbsp
1236,110,348,1 1/2,cups
1237,110,44,1,cup
1238,110,39, 1/2,tsp
1239,110,40, 3/4,cup
1240,110,52,1,tsp
1241,110,253,1,tsp
1242,110,58, 1/2,tsp
1243,110,53,1,cup
1244,110,8, , 
1245,110,15, 1/2,tsp
1246,110,46, 1/2,tsp
1247,110,26,2,tbsp
1248,110,17, , 
1249,110,47,1,tbsp
1250,111,26,2,tbsp
1251,111,39, 1/2,cup
1252,111,40, 3/4,cup
1253,111,86,2,tsp
1254,111,127, 1/2,tsp
1255,111,53,1,cup
1256,111,8, , 
1257,111,15, 1/2,tsp
1258,111,46, 1/2,tsp
1259,111,44,1,cup
1260,111,296,1 1/2,cups
1261,111,17, , 
1262,111,47,1,tbsp
1263,112,249,1 1/2,cups
1264,112,344,1,cup
1265,112,26,2,tbsp
1266,112,39,1,tsp
1267,112,40, 1/2,cup
1268,112,52,1,tsp
1269,112,58,1,tbsp
1270,112,41,1 1/2,tsp
1271,112,349, 3/4,cup
1272,112,8, 1/2,tsp
1273,112,15,1 1/2,tsp
1274,112,55,1 1/2,tsp
1275,112,46,1,tsp
1276,112,17, , 
1277,112,47,2,tbsp
1278,113,350,1 1/2,cups
1279,113,27,1,cup
1280,113,28,2,tbsp
1281,113,15,1,tsp
1282,113,8, , 
1283,113,12, 1/4,tsp
1284,113,29, 1/2,tsp
1285,113,47,1,tbsp
1286,113,26,1,tbsp
1287,113,201, , 
1288,113,17, , 
1289,113,26, , 
1290,113,45,1,tsp
1291,114,351,1 1/2,cups
1292,114,352,4,cups
1293,114,26,3,tbsp
1294,114,39,1,tsp
1295,114,12, 1/4,tsp
1296,114,58,1,tsp
1297,114,52,1,tsp
1298,114,41,1,tsp
1299,114,14,2, 
1300,114,34,2,tsp
1301,114,8, 1/2,tsp
1302,114,17, , 
1303,115,352,4,cups
1304,115,353,1 1/2,cups
1305,115,39,1,tsp
1306,115,58,1,tsp
1307,115,52,1,tsp
1308,115,14,2, 
1309,115,34,2,tsp
1310,115,8, 1/2,tsp
1311,115,12, 1/4,tsp
1312,115,26,3,tbsp
1313,115,17, , 
1314,116,292,1,cup
1315,116,352,1,cup
1316,116,115,2,cups
1317,116,27, 1/2,cup
1318,116,17, , 
1319,116,35,4,tbsp
1320,116,41,1,tbsp
1321,116,8, 1/2,tsp
1322,116,26,1,tbsp
1323,116,115, , 
1324,116,26, , 
1325,116,354, , 
1326,116,309, , 
1327,117,43,1,cup
1328,117,352,1,cup
1329,117,115,2,cups
1330,117,27, 1/2,cup
1331,117,17, , 
1332,117,35,4,tbsp
1333,117,41,1,tbsp
1334,117,8, 1/2,tsp
1335,117,26,1,tbsp
1336,117,115, , 
1337,117,26, , 
1338,117,116, , 
1339,117,309, , 
1340,118,250, 3/4,cup
1341,118,59,1 1/2,cups
1342,118,26,5,tbsp
1343,118,44, 3/4,cup
1344,118,52, 1/2,tsp
1345,118,17, , 
1346,118,45,1 1/2,tsp
1347,118,41,2,tsp
1348,118,161,1 1/2,tsp
1349,118,47,2,tbsp
1350,119,355,2,cups
1351,119,356,10 to 12, 
1352,119,44,1,cup
1353,119,346,25, 
1354,119,113,2 to 3, 
1355,119,68,2,tsp
1356,119,357, 1/2,tsp
1357,119,161,1,tsp
1358,119,26,1,tbsp
1359,119,17, , 
1360,119,47,2,tbsp
1361,120,356,2,cups
1362,120,59,2,cups
1363,120,44, 1/2,cup
1364,120,26,3,tbsp
1365,120,41,1,tbsp
1366,120,64,1,tsp
1367,120,287,1,tbsp
1368,120,257,2,tsp
1369,120,45,1.5, 
1370,120,161,1,tsp
1371,120,313,1,tbsp
1372,120,17, , 
1373,121,115,2 1/4,cups
1374,121,73,2,tbsp
1375,121,17, , 
1376,121,296,2 1/2,cups
1377,121,73,2,tsp
1378,121,39,1,tsp
1379,121,40, 1/2,cup
1380,121,41,1,tbsp
1381,121,17, , 
1382,121,15, 1/2,tsp
1383,121,47,2,tbsp
1384,121,68,2,tsp
1385,121,115, , 
1386,121,73, , 
1387,121,308, , 
1388,122,115,2 1/4,cups
1389,122,73,2,tbsp
1390,122,17, , 
1391,122,43,2 1/2,cups
1392,122,73,2,tsp
1393,122,39,1,tsp
1394,122,40, 1/2,cup
1395,122,41,1,tbsp
1396,122,17, , 
1397,122,15, 1/2,tsp
1398,122,47,2,tbsp
1399,122,68,2,tsp
1400,122,115, , 
1401,122,73, , 
1402,123,249,2 1/4,cups
1403,123,358,2 1/4,cups
1404,123,73,2,tbsp
1405,123,303,2, 
1406,123,177,1, 
1407,123,79,2, 
1408,123,81,2, 
1409,123,13,1,tsp
1410,123,51, 1/2,tsp
1411,123,9, 1/2,tsp
1412,123,35,2,tbsp
1413,123,12, 1/4,tsp
1414,123,15,1 1/2,tsp
1415,123,55,2,tsp
1416,123,8, 1/4,tsp
1417,123,53, 1/2,cup
1418,123,17, , 
1419,123,68,1,tsp
1420,123,22, 1/2,tsp
1421,124,249,4,cups
1422,124,26, , 
1423,124,33,2,tbsp
1424,124,41,2,tsp
1425,124,26,1,tbsp
1426,124,14,3, 
1427,124,8, 1/2,tsp
1428,124,17, , 
1429,125,33,2,tbsp
1430,125,26,2,tsp
1431,125,14,2, 
1432,125,8, 1/2,tsp
1433,125,250,4,cups
1434,125,17, , 
1435,126,249,2,cups
1436,126,33,2,tbsp
1437,126,41,1,tsp
1438,126,26,4,tsp
1439,126,14,3, 
1440,126,8, 1/4,tsp
1441,126,17, , 
1442,127,359,4, 
1443,127,44, 1/2,cup
1444,127,47,1,tbsp
1445,127,15, 1/2,tsp
1446,127,45,1,tsp
1447,127,161, 1/2,tbsp
1448,127,17, , 
1449,127,26,2,tbsp
1450,127,258, , 
1451,128,292,1,cup
1452,128,360, 1/2,cup
1453,128,47,1,tbsp
1454,128,45,1,tsp
1455,128,15, 1/2,tsp
1456,128,161,1 1/2,tsp
1457,128,17, , 
1458,128,26, , 
1459,128,257, , 
1460,129,43,2 1/2,cups
1461,129,76, 1/2,cup
1462,129,26,1,tbsp
1463,129,39, 1/2,tsp
1464,129,58,2,tsp
1465,129,40, 1/2,cup
1466,129,44, 1/4,cup
1467,129,15,1 1/4,tsp
1468,129,8, 1/4,tsp
1469,129,34,1,tsp
1470,129,45, 1/2,tsp
1471,129,47,2,tbsp
1472,129,17, , 
1473,129,293, , 
1474,129,26, , 
1475,129,140,1,cup
1476,129,258,1 1/2,tbsp
1477,129,361,1,tbsp
1478,129,362,4, 
1479,129,187,8,tsp
1480,129,363,1 1/2,cups
1481,129,364,4, 
1482,129,134,12, 
1483,129,66,12, 
1484,129,17, , 
1485,130,254,2 1/2,cups
1486,130,47, 1/2,cup
1487,130,41,2,tsp
1488,130,246,2,tbsp
1489,130,17, , 
1490,130,26, , 
1491,130,35,1,cup
1492,130,62,2,tsp
1493,130,267,8,tsp
1494,130,257,8,tsp
1495,130,268,1,tsp
1496,130,45, 1/2,tsp
1497,130,75, 1/2,tsp
1498,130,289,4,tbsp
1499,130,47,4,tsp
1500,130,365,4,tbsp
1501,131,356,2 1/2,cups
1502,131,26, , 
1503,131,68,1,tsp
1504,131,15, 3/4,tsp
1505,131,17, , 
1506,131,137, 1/4,tsp
1507,132,76,1,cup
1508,132,43, 3/4,cup
1509,132,47,2,tbsp
1510,132,41,2,tsp
1511,132,265,1,tbsp
1512,132,17, , 
1513,132,76, , 
1514,132,73, , 
1515,133,366,12, 
1516,134,28,1 1/2,cups
1517,134,17, 1/2,tsp
1518,134,26,4,tsp
1519,134,51,1,tsp
1520,134,85,1,tsp
1521,134,14,2, 
1522,134,12, , 
1523,134,327,8 to 10, 
1524,134,93,1,tbsp
1525,134,47,1,tbsp
1526,135,26,1,tsp
1527,135,367, 1/2,tsp
1528,135,14,2, 
1529,135,368, 1/4,cup
1530,135,369, 1/2,tsp
1531,135,370, 1/2,cup
1532,135,8, 1/4,tsp
1533,135,371,3,cups
1534,135,17, , 
1535,135,26,2,tsp
1536,135,40, 1/4,cup
1537,136,139, 1/2,cup
1538,136,22, 1/2,cup
1539,136,114, 3/4,cup
1540,136,76,2,tbsp
1541,136,372,1,tbsp
1542,136,258,4,tbsp
1543,136,373,450,gms
1544,136,374,3, 
1545,136,239,100,gms
1546,136,375,10, 
1547,136,147,2, 
1548,136,376, 3/4,cup
1549,136,377,1 1/2,cups
1550,136,26,4,tsp
1551,136,361,1,tsp
1552,136,17, , 
1553,137,378,4,cups
1554,137,26, , 
1555,137,66, 1/2,cup
1556,137,379, 1/2,cup
1557,137,380, 1/2,cup
1558,137,256, 1/2,cup
1559,137,376, 1/2,cup
1560,137,246,1 1/2,tbsp
1561,137,26,2,tbsp
1562,137,258,1,cup
1563,137,361,2,tsp
1564,137,139,2,tbsp
1565,137,22,1,tbsp
1566,137,17, , 
1567,138,378,4,cups
1568,138,26, , 
1569,138,66, 1/2,cup
1570,138,379, 1/2,cup
1571,138,380, 1/2,cup
1572,138,256, 1/2,cup
1573,138,376, 1/2,cup
1574,138,246,1 1/2,tbsp
1575,138,26,2,tbsp
1576,138,258,1,cup
1577,138,361,2,tsp
1578,138,139,2,tbsp
1579,138,22,1,tbsp
1580,138,17, , 
1581,139,139,2,tbsp
1582,139,22, 1/4,cup
1583,139,246,1,tbsp
1584,139,381, 1/4,cup
1585,139,361,2,tbsp
1586,139,372,1,tsp
1587,139,17, , 
1588,139,26,2,tbsp
1589,139,256,1,cup
1590,139,132,1,cup
1591,139,382, 1/2,cup
1592,139,383, 1/2,cup
1593,139,17, , 
1594,139,376, 3/4,cup
1595,139,377,3,cups
1596,140,238,3,cups
1597,140,270, 1/2,cup
1598,140,237, 1/2,cup
1599,140,384, 1/2,cup
1600,140,139,1,tbsp
1601,140,133,2,tbsp
1602,140,385, 1/2,tsp
1603,140,22,1,tbsp
1604,140,17, , 
1605,141,28,1 1/4,cups
1606,141,17, 1/2,tsp
1607,141,26,1 3/4,tsp
1608,141,51,1,tsp
1609,141,85,1,tsp
1610,141,14,2, 
1611,141,12, , 
1612,141,327,8 to 10, 
1613,141,93,1,tsp
1614,141,47,1,tbsp
1615,142,90,450,gms
1616,142,346,25,mm
1617,142,113,6, 
1618,142,386,1,tsp
1619,142,8, 1/2,tsp
1620,142,26,4,tbsp
1621,142,51,2,tsp
1622,142,12, 1/4,tsp
1623,142,387,20, 
1624,142,388, , 
1625,142,62,3,tbsp
1626,142,17, , 
1627,142,289,2,cups
1628,142,389,2,tbsp
1629,142,47,2,tbsp
1630,143,27,1,cup
1631,143,390,1 1/2,tsp
1632,143,391, 1/2,tsp
1633,143,22,1,tbsp
1634,143,86,2,tsp
1635,143,17, , 
1636,143,392,1 1/2,tsp
1637,143,41,1 1/2,tsp
1638,143,26,4 1/2,tbsp
1639,143,161, 1/2,tbsp
1640,143,62,2,tbsp
1641,143,51,1,tsp
1642,143,12,2, 
1643,143,289,1,cup
1644,143,93,2,tbsp
1645,143,47,2,tbsp
1646,144,26,1,tbsp
1647,144,51,2,tsp
1648,144,58,2,tsp
1649,144,12, 1/4,tsp
1650,144,393,2,tbsp
1651,144,47,2,tbsp
1652,144,93,2,tbsp
1653,144,289,3,tbsp
1654,145,394,20, 
1655,145,26,1,tbsp
1656,145,51,2,tsp
1657,145,58,2,tsp
1658,145,41,1 1/2,tsp
1659,145,12, 1/4,tsp
1660,145,62,2,tbsp
1661,145,395, 1/4,cup
1662,145,47,2,tbsp
1663,145,93,2,tbsp
1664,145,289,4,tbsp
1665,146,396, 1/2,cup
1666,146,47,1,cup
1667,146,41,1,tbsp
1668,146,52, 1/2,tsp
1669,146,39, 1/2,tsp
1670,146,12, 1/4,tsp
1671,146,75, 1/4,tsp
1672,146,22,2,tsp
1673,146,17, , 
1674,147,396, 1/2,cup
1675,147,52,1,tsp
1676,147,17, 1/4,tsp
1677,148,397,4, 
1678,148,398,1,tsp
1679,148,399, 1/2,tsp
1680,148,169,1,tbsp
1681,148,24,4,tbsp
1682,148,400,4, 
1683,149,401,10, 
1684,150,396, 1/2,cup
1685,150,114, 1/2,cup
1686,151,402,20, 
1687,151,22,2 1/2,cups
1688,151,211, 1/4,tsp
1689,151,228, , 
1690,152,403,20, 
1691,152,22,2 1/2,cups
1692,152,211, 1/4,tsp
1693,152,228, , 
1694,152,404, 1/4,cup
1695,152,72,2,cups
1696,152,26,1,tbsp
1697,152,51, 1/2,tsp
1698,152,90,2,tsp
1699,152,85,1,tsp
1700,152,327,6, 
1701,152,14,2, 
1702,152,405,1,tbsp
1703,152,12, 1/4,tsp
1704,152,8, 1/2,tsp
1705,152,17, , 
1706,153,406,1,cup
1707,153,16,1 1/2,tbsp
1708,153,407,2, 
1709,153,39, 1/2,tsp
1710,153,51, 1/2,tsp
1711,153,15, 1/2,tsp
1712,153,8, 1/4,tsp
1713,153,408, 1/2,tsp
1714,153,409,1,tsp
1715,153,12, 1/4,tsp
1716,153,17, , 
1717,153,410,1,tbsp
1718,153,47,2,tsp
1719,154,369,2,tbsp
1720,154,62, 1/2,cup
1721,154,137, 1/4,tsp
1722,154,211, 1/4,tsp
1723,154,75, 1/2,tsp
1724,154,17, , 
1725,154,36,2,tbsp
1726,155,411,1,cup
1727,155,62, 1/4,cup
1728,155,211, 1/4,tsp
1729,155,412, 1/4,cup
1730,155,228, , 
1731,155,73, , 
1732,156,413,1,cup
1733,156,62, 1/4,cup
1734,156,211, 1/4,tsp
1735,156,414, 1/4,cup
1736,156,228, , 
1737,156,415,2,tsp
1738,157,416,2,cups
1739,157,26,2,tbsp
1740,157,97,2,tbsp
1741,157,111,2,tsp
1742,157,46,1,tsp
1743,157,54, 3/4,cup
1744,157,44,1,cup
1745,157,417,1,cup
1746,157,418,1,tbsp
1747,157,17, , 
1748,157,22, 1/2,tsp
1749,157,246,1,tsp
1750,157,107,1,tbsp
1751,157,419, , 
1752,158,365,4 1/2,cups
1753,158,62,8,tbsp
1754,158,268, 3/4,tsp
1755,158,75, 1/2,tsp
1756,158,365, 1/4,cup
1757,159,23,2,cups
1758,159,47,1,cup
1759,159,393,1,tbsp
1760,159,66, 1/2,cup
1761,159,161,1 1/2,tbsp
1762,159,22,1,tbsp
1763,159,41,2,tbsp
1764,159,17, , 
1765,160,420,2,cups
1766,160,62,1,tbsp
1767,160,268,1,tsp
1768,160,161,2,tsp
1769,160,98,1,tsp
1770,160,23,2,tbsp
1771,161,421,2,kgs
1772,161,422, 1/4,tsp
1773,161,22,3,cups
1774,161,423, , 
1775,161,424,1,cup
1776,162,425,3,cups
1777,162,426,8, 
1778,162,161, 1/4,tsp
1779,162,246,1,tsp
1780,162,425,1,tbsp
1781,162,427,4,tsp
1782,162,104, , 
1783,162,228, , 
1784,163,428,12, 
1785,163,429,2,tbsp
1786,163,191,2,tbsp
1787,163,415,2,tbsp
1788,163,430,2,tbsp
1789,163,73,1,tsp
1790,163,228, , 
1791,163,211, 1/4,tsp
1792,164,431,1,cup
1793,164,432, 1/2,cup
1794,164,22,2,tbsp
1795,164,73,2,tbsp
1796,164,211, 1/4,tsp
1797,164,433, 1/4,cup
1798,164,73, , 
1799,165,432, 1/2,cup
1800,165,228, , 
1801,165,108,2,tbsp
1802,165,108,4 1/2,cups
1803,165,22,2,tbsp
1804,165,211, 1/4,tsp
1805,166,428,1 1/4,cups
1806,166,73,3,tbsp
1807,166,159, 1/2,cup
1808,166,22,4,tbsp
1809,166,434,5,tbsp
1810,166,211, 1/4,tsp
1811,166,173,1,tbsp
1812,167,168,15 to 20, 
1813,167,428,24, 
1814,167,73,5,tbsp
1815,167,434, 1/3,cup
1816,167,22,4,tbsp
1817,167,211, 1/4,tsp
1818,167,173,2,tbsp
1819,168,428,8, 
1820,168,108,1,cup
1821,168,101,1,cup
1822,168,168,8, 
1823,168,435, 3/4,cup
1824,168,22,4,tbsp
1825,168,436, , 
1826,168,428,2, 
1827,169,437,1, 
1828,169,438,43556, 
1829,169,439,1, 
1830,169,24, , 
1831,170,440,2,tbsp
1832,170,242, 1/4,cup
1833,170,15, 1/4,tsp
1834,170,268, 1/4,tsp
1835,170,441, 1/4,tsp
1836,170,207,6, 
1837,170,442, , 
1838,170,443, 1/4,cup
1839,170,444,2, 
1840,170,117,4, 
1841,170,168,5, 
1842,171,352,2,cups
1843,171,53, 3/4,cup
1844,171,190,1,tsp
1845,172,445,4, 
1846,172,420,2,cups
1847,172,231,1,cup
1848,172,446, 1/2,cup
1849,172,447,1,cup
1850,173,448, 1/2,cup
1851,173,128, 1/4,cup
1852,173,449, 1/2,cup
1853,173,237, 1/4,cup
1854,173,240,2,tbsp
1855,173,244,2,tbsp
1856,173,450, 1/4,cup
1857,173,451,4, 
1858,173,452, 1/2,tbsp
1859,173,453,1,tbsp
1860,173,161,1,tsp
1861,173,169, 1/2,tsp
1862,173,17, , 
1863,174,133,1,tsp
1864,174,169,1,tsp
1865,174,454,2, 
1866,174,161,1,tsp
1867,174,455,2, 
1868,174,456, 1/4,tsp
1869,174,17, , 
1870,174,457,1,cup
1871,174,131,1, 
1872,174,458,1, 
1873,174,133,1,tsp
1874,174,161,3,tsp
1875,174,459,2,tsp
1876,174,460,2,tsp
1877,174,17, , 
1878,174,154,8 to 10, 
1879,175,28,1 1/2,cups
1880,175,17, 1/4,tsp
1881,175,461, 1/2,cup
1882,176,77,2,cups
1883,176,462, 1/2,cup
1884,176,461,2,cups
1885,176,22,2,tsp
1886,176,17, , 
1887,176,463, 1/2,tsp
1888,176,94, , 
1889,176,464, , 
1890,177,465,1,cup
1891,177,466, 1/2,cup
1892,177,467,1,cup
1893,177,468,4,tsp
1894,177,8, 1/4,tsp
1895,177,93,4,tbsp
1896,177,26,2,tbsp
1897,177,17, , 
1898,178,77,2,cups
1899,178,469, 1/2,cup
1900,178,463, 1/2,tsp
1901,178,22,2, 
1902,178,76, , 
1903,178,470,1,cup
1904,178,17, , 
1905,178,22,2,tsp
1906,178,26, , 
1907,178,471, , 
1908,179,77,2,cups
1909,179,93,2,cups
1910,179,17, , 
1911,179,201, 1/4,tsp
1912,179,62,1,tbsp
1913,179,26, , 
1914,179,471, , 
1915,180,472,1,cup
1916,180,191, 1/4,cup
1917,180,473, 1/4,cup
1918,180,169, 1/2,tsp
1919,180,474,1,tsp
1920,180,35, 1/4,cup
1921,180,17, , 
1922,181,475,1,cup
1923,181,22,2,tbsp
1924,181,161,1,tsp
1925,181,166, 1/4,cup
1926,181,35, 1/4,cup
1927,181,22,1,tbsp
1928,181,100, 1/4,tsp
1929,182,475, 1/2,cup
1930,182,476, 1/4,cup
1931,182,477, 1/2,cup
1932,182,478,2,tbsp
1933,182,168, 1/2,cup
1934,182,167, 1/4,tsp
1935,182,429,2,tsp
1936,183,160, 1/2,cup
1937,183,479, 1/2,cup
1938,183,76, 1/2,cup
1939,183,62,3,tbsp
1940,183,184,1 1/2,tsp
1941,183,201, 1/2,tsp
1942,183,26,1,tbsp
1943,183,265,2,tsp
1944,183,108,1,cup
1945,183,17, 1/4,tsp
1946,183,265,4 1/2,tsp
1947,183,169, , 
1948,184,475, 1/4,cup
1949,184,480,2,tbsp
1950,184,312, 1/4,cup
1951,184,26,1,tsp
1952,184,40,1,tbsp
1953,185,109,2,tsp
1954,185,481,4, 
1955,185,482, 1/2,cup
1956,185,483,4,tbsp
1957,185,96,4,tbsp
1958,186,475,2,cups
1959,186,484,8, 
1960,186,54, 3/4,cup
1961,186,37, 1/2,cup
1962,187,485,2,cups
1963,187,443,2,cups
1964,187,161,1,tsp
1965,187,62,2,tbsp
1966,187,37,8, 
1967,188,472, 1/2,cup
1968,188,448,1,cup
1969,188,256, 1/2,cup
1970,188,96, 1/4,cup
1971,188,486, 1/4,cup
1972,188,239, 1/2,cup
1973,188,443, 1/4,cup
1974,188,161,1,tsp
1975,188,17, , 
1976,188,487, 1/2,cup
1977,188,488, 1/2,tsp
1978,188,47, 1/4,cup
1979,188,17, , 
1980,189,472,1 1/2,cups
1981,189,489, 1/2,cup
1982,189,425,3,cups
1983,189,490,2,tbsp
1984,189,169, 1/2,tbsp
1985,190,472,2,cups
1986,190,22,2,tbsp
1987,190,161, 1/2,tbsp
1988,190,491, 1/4,cup
1989,190,492,3,cups
1990,190,493,2,cups
1991,191,494,2,cups
1992,191,490,2,tbsp
1993,191,108,1 1/2,cups
1994,191,246,2,tbsp
1995,191,495,4, 
1996,191,496, 1/2,cup
1997,191,104, 1/2,tsp
1998,191,167, 1/2,tsp
1999,192,497,4, 
2000,192,161,1,tsp
2001,192,22,7,tsp
2002,192,228, 1/4,tsp
2003,192,498, , 
2004,193,499, 1/4,cup
2005,193,429,2,tbsp
2006,193,425,1 1/2,cups
2007,193,489,1 1/2,tbsp
2008,193,22,1,tbsp
2009,194,472,3, 
2010,194,500,3, 
2011,194,501,3, 
2012,195,147,2,cups
2013,195,485,1 1/4,cups
2014,195,52, 1/2,tsp
2015,195,37,4, 
2016,196,472,8, 
2017,196,500,4, 
2018,196,502,2, 
2019,196,169, 1/2,tbsp
2020,197,475,2,cups
2021,197,503,1 1/2,cups
2022,197,504, 1/2,cup
2023,197,39, 1/4,tsp
2024,197,47,1 1/2,tbsp
2025,197,17, , 
2026,198,475, 1/4,cup
2027,198,194, 1/4,tsp
2028,198,489, 1/2,cup
2029,198,188,1,cup
2030,198,505,1 1/2,tbsp
2031,198,429,1,tbsp
2032,199,160,2,cups
2033,199,22,4,tbsp
2034,199,104,1,tsp
2035,199,108,2,cups
2036,199,22, 1/2,cup
2037,199,434,1,cup
2038,199,107,1,cup
2039,200,506,2,cups
2040,200,507,1,cup
2041,200,508,1,tbsp
2042,200,246,1,tsp
2043,200,509,2,tsp
2044,200,427,2,tsp
2045,200,177, , 
2046,200,100,3 to 4, 
2047,200,497, , 
2048,201,472,8, 
2049,201,177,2, 
2050,202,475,1 1/2,cups
2051,202,22,2,tbsp
2052,202,108,2,cups
2053,202,104,1,tsp
2054,202,24, , 
2055,203,160,1 1/4,cups
2056,203,104, 1/4,tsp
2057,203,115,1,cup
2058,203,201, 1/2,tsp
2059,203,17, , 
2060,203,22, 1/2,cup
2061,203,167, 1/2,tsp
2062,203,265,3,tbsp
2063,203,139, 1/2,tbsp
2064,203,104, , 
2065,204,475,1 1/2,cups
2066,204,177,1, 
2067,204,285,1,cup
2068,204,489, 1/4,cup
2069,204,169,1 1/2,tsp
2070,204,167, 1/4,tsp
2071,205,472,3,cups
2072,205,177, 1/2,tsp
2073,205,510,1,cup
2074,205,425,2,cups
2075,205,427, 1/2,tsp
2076,206,160,3, 
2077,206,427, , 
2078,206,510,1,cup
2079,206,425,2,cups
2080,206,177, 1/2,tsp
2081,206,37, , 
2082,207,507,2,cups
2083,207,76,1,cup
2084,207,496, 3/4,cup
2085,207,109, 1/4,cup
2086,207,17, , 
2087,207,511, 1/2,tsp
2088,207,104, 1/2,tsp
2089,207,490, 1/4,cup
2090,207,265,2,tbsp
2091,207,101, , 
2092,208,512,10, 
2093,208,109,2,tbsp
2094,208,22,4,tbsp
2095,208,177, 1/2,tsp
2096,208,162,5,tbsp
2097,208,161, 1/4,tsp
2098,208,164, 3/4,cup
2099,209,507,3,cups
2100,209,115, 3/4,cup
2101,209,187,6,tbsp
2102,209,496, 3/4,cup
2103,209,489, 1/4,cup
2104,209,177, 1/2,tsp
2105,209,513, , 
2106,210,507,2,cups
2107,210,496,1,tbsp
2108,210,177,2, 
2109,210,161, 1/2,tsp
2110,210,489, 1/4,cup
2111,210,514,1,tbsp
2112,210,429,2,tbsp
2113,210,191,1,tbsp
2114,210,490,2,tbsp
2115,210,104, 1/4,tsp
2116,210,167, , 
2117,210,515, 1/8,tsp
2118,211,76, 3/4,cup
2119,211,17, , 
2120,211,109,6,tbsp
2121,211,496, 3/4,cup
2122,211,507,3,cups
2123,211,104, 1/8,tsp
2124,211,161, 1/4,tsp
2125,212,160,3,cups
2126,212,516,3,cups
2127,212,161, 1/2,tsp
2128,213,472,4, 
2129,213,517,4, 
2130,213,518,2, 
2131,214,519,2, 
2132,214,161,1,tsp
2133,214,520,1,cup
2134,214,521, 1/2,cup
2135,214,45,1,tsp
2136,215,472, 1/4,cup
2137,215,522, 3/4,cup
2138,215,188, 3/4,cup
2139,215,523,1,tsp
2140,216,524,1,cup
2141,216,493,1,cup
2142,216,160, 1/4,cup
2143,216,36,1,tbsp
2144,216,169,1,tsp
2145,217,499,2 1/4,cups
2146,217,73,1 1/2,tbsp
2147,217,431, 1/4,cup
2148,217,108, 3/4,cup
2149,217,22,3 1/2,tbsp
2150,217,429, 1/4,cup
2151,217,167, , 
2152,218,482, 1/2,cup
2153,218,169, 1/2,tbsp
2154,218,525, 1/4,cup
2155,218,265,1,tbsp
2156,218,526,2,tbsp
2157,218,185, 1/2,tbsp
2158,218,392, 1/2,tsp
2159,218,265, , 
2160,219,527,12, 
2161,219,463, 1/2,tsp
2162,219,22,1,tsp
2163,219,76,1,cup
2164,219,73,1,tbsp
2165,219,26, , 
2166,219,22,1,cup
2167,219,528, 1/2,tsp
2168,219,529, , 
2169,219,530,2,tsp
2170,219,108,1,tbsp
2171,219,211, 1/2,tsp
2172,219,123,1,tbsp
2173,219,531, , 
2174,220,482,1 1/2,cups
2175,220,22,2,tbsp
2176,220,161,1 1/2,tsp
2177,220,194, 1/4,tsp
2178,221,160,2,cups
2179,221,22,1,cup
2180,221,161,1,tsp
2181,221,194,1,tsp
2182,222,472,3,cups
2183,222,161,2,tsp
2184,222,24, , 
2185,223,115, 3/4,cup
2186,223,17, , 
2187,223,265,1,tsp
2188,223,485,28, 
2189,223,177,1, 
2190,223,161,1,tsp
2191,223,427,2,tsp
2192,224,532, , 
2193,224,533,5, 
2194,224,161, 1/2,tbsp
2195,224,104,1,tsp
2196,224,22,4,tbsp
2197,224,108, , 
2198,224,101, , 
2199,225,472,2,cups
2200,225,104, 1/2,tsp
2201,225,108, 1/2,cup
2202,225,35, 1/2,cup
2203,225,513, , 
2204,225,169,2,tbsp
2205,226,76,3,cups
2206,226,184, 1/2,tsp
2207,226,62, 1/2,cup
2208,226,187,1,cup
2209,226,472,3,cups
2210,226,161,1,tbsp
2211,226,22, 1/2,cup
2212,226,104,1,tsp
2213,226,490,2,tbsp
2214,226,191,2,tbsp
2215,226,108, , 
2216,226,101, , 
2217,227,482, 1/2,cup
2218,228,425,3,cups
2219,228,482, 3/4,cup
2220,228,211, 1/4,tsp
2221,228,513, , 
2222,228,427,1,tsp
2223,229,108,3,cups
2224,229,22,2 1/2,tbsp
2225,229,482, 3/4,cup
2226,229,534,3,tbsp
2227,229,211, 1/2,tsp
2228,230,115, 1/2,cup
2229,230,26,1,tsp
2230,230,17, , 
2231,230,115, , 
2232,230,507,2,cups
2233,230,496,1,tsp
2234,230,194, 1/4,tsp
2235,230,26, 1/2,tsp
2236,230,515, 1/2,tsp
2237,230,535, 1/2,cup
2238,231,472,2 1/2,cups
2239,231,505, 1/4,cup
2240,231,536, 1/2,cup
2241,231,167, 1/2,tsp
2242,232,519,4, 
2243,232,535,1,cup
2244,233,160,1 1/2,cups
2245,233,537,5,tbsp
2246,233,35,4,tbsp
2247,233,101,1,cup
2248,233,24,4,tbsp
2249,234,538, 3/4,cup
2250,234,539, 1/2,cup
2251,234,177,1, 
2252,234,188, 1/2,cup
2253,234,167, 1/4,tsp
2254,234,523,2,tsp
2255,234,540,1,tbsp
2256,235,160, 3/4,cup
2257,236,541,1,cup
2258,236,161, 1/2,tsp
2259,236,17, , 
2260,237,542,1 1/2,cups
2261,237,108,1,cup
2262,237,543,2,tsp
2263,237,22,1,tsp
2264,237,429,2 1/2,tsp
2265,238,544,1,cup
2266,238,545, 1/2,cup
2267,238,546, 1/2,cup
2268,238,547,5, 
2269,238,548,5, 
2270,238,36, 1/2,cup
2271,238,161,2,tbsp
2272,238,549, 1/2,tsp
2273,238,334, 1/4,tsp
2274,238,17, , 
2275,238,161,2,tbsp
2276,238,550, 1/2,tsp
2277,238,551, 1/4,tsp
2278,238,17, , 
2279,238,448,1,cup
2280,238,552, 1/2,cup
2281,238,546, 1/2,cup
2282,238,553,5, 
2283,238,548,5, 
2284,238,36, 1/2,cup
2285,239,554,3,cups
2286,239,26,2,tsp
2287,239,29, 1/2,tsp
2288,239,51, 1/2,tsp
2289,239,8, 1/4,tsp
2290,239,15,1,tsp
2291,239,34,1,tsp
2292,239,161,1,tsp
2293,239,17, , 
2294,239,26, , 
2295,240,554,2,cups
2296,240,27,1 1/2,tbsp
2297,240,15,1,tsp
2298,240,46, 1/2,tsp
2299,240,555, 1/2,cup
2300,240,68, 1/2,tsp
2301,240,54,2,tbsp
2302,240,108, 1/2,cup
2303,240,26,2,tbsp
2304,240,17, , 
2305,240,33,1,tbsp
2306,240,105,1,tbsp
2307,240,40, 3/4,cup
2308,240,58, 1/2,tbsp
2309,240,346,25,mm
2310,240,26, , 
2311,241,556,2 1/2,cups
2312,241,557, 1/2,cup
2313,241,14,2, 
2314,241,12, 1/4,tsp
2315,241,8, 1/2,tsp
2316,241,26,2,tbsp
2317,241,51,1,tsp
2318,241,17, , 
2319,242,558,2,cups
2320,242,27, 1/4,cup
2321,242,15, 1/2,tsp
2322,242,34, 1/2,tsp
2323,242,268, 1/2,tsp
2324,242,68, 1/4,tsp
2325,242,8, 1/4,tsp
2326,242,47, 1/4,cup
2327,242,17, , 
2328,242,26, , 
2329,242,45, , 
2330,243,345,1,tsp
2331,243,14,2, 
2332,243,112,3 to 4, 
2333,243,559,1,tsp
2334,243,90, 1/2,tsp
2335,243,39, , 
2336,243,327,4 to 6, 
2337,243,26,2,tsp
2338,243,39, 1/2,tsp
2339,243,327,7 to 8, 
2340,243,560,4, 
2341,243,561, 1/4,cup
2342,243,15, 1/2,tsp
2343,243,17, , 
2344,243,161,1,tsp
2345,243,47,1,tbsp
2346,244,352, 1/2,cup
2347,244,89, 1/4,cup
2348,244,8, 1/4,tsp
2349,244,41,2,tsp
2350,244,17, , 
2351,244,26,1,tsp
2352,244,39, 1/2,tsp
2353,244,79,3, 
2354,244,12, , 
2355,245,109,1,tbsp
2356,245,562,1 1/4,cups
2357,245,563,8 to 10, 
2358,245,564,2,tsp
2359,245,136,1,tsp
2360,245,17, , 
2361,245,109,2,tbsp
2362,245,58, 1/2,tbsp
2363,245,108, 1/4,cup
2364,245,294, , 
2365,245,136, 1/2,tsp
2366,245,107, 1/4,cup
2367,245,564,1,tsp
2368,245,17, , 
2369,245,96,8,tbsp
2370,245,239,4,tbsp
2371,245,17, , 
2372,245,565,4, 
2373,245,566,1,cup
2374,246,238,1,cup
2375,246,567,1,cup
2376,246,568,1 1/2,cups
2377,246,483, 1/2,cup
2378,246,17, , 
2379,246,109, , 
2380,247,569,4, 
2381,247,4,24, 
2382,247,570,1,tsp
2383,247,483,2,tbsp
2384,247,109,1,tsp
2385,247,564, , 
2386,247,17, , 
2387,248,569,4, 
2388,248,571,24, 
2389,248,483,2,tbsp
2390,248,570,1,tsp
2391,248,109,1,tsp
2392,248,564, , 
2393,248,17, , 
2394,249,572,5, 
2395,249,109,1,tsp
2396,249,108,2,tbsp
2397,249,294, 1/2,cup
2398,249,246,1,tsp
2399,249,107,2,tbsp
2400,249,17, , 
2401,249,310, , 
2402,249,573, , 
2403,250,574, 3/4,cup
2404,250,575,1,tsp
2405,250,506, 1/2,cup
2406,250,246,2,tsp
2407,250,294, 1/4,cup
2408,250,17, , 
2409,250,572, 1/4,cup
2410,250,509,1,tbsp
2411,250,576,16, 
2412,251,574,1,cup
2413,251,26,2,tsp
2414,251,40, 1/2,cup
2415,251,312, 1/2,cup
2416,251,245,1 1/2,cups
2417,251,425, 1/2,cup
2418,251,17, , 
2419,251,574, , 
2420,252,114,3,cups
2421,252,139, 1/2,cup
2422,252,22, 1/4,cup
2423,252,92,10 to 12, 
2424,252,303,4, 
2425,252,17, , 
2426,252,154,1,cup
2427,252,380,1,cup
2428,252,577, 3/4,cup
2429,252,578, 3/4,cup
2430,253,579,10 1/2,cups
2431,253,26, , 
2432,253,40, 3/4,cup
2433,253,294, 1/2,cup
2434,253,17, , 
2435,253,564, 1/2,tsp
2436,253,580, 1/2,cup
2437,253,581, 1/2,cup
2438,253,41,1,tsp
2439,253,17, , 
2440,253,582, 1/2,cup
2441,253,40, 1/4,cup
2442,253,53, 1/4,cup
2443,253,17, , 
2444,253,583,1,tsp
2445,253,352, 1/2,cup
2446,253,584, 1/4,cup
2447,253,294, 1/2,cup
2448,253,17, , 
2449,253,564, 1/2,tsp
2450,253,60, 3/4,cup
2451,253,585, 1/4,cup
2452,253,586,2,tsp
2453,253,17, , 
2454,253,53, 3/4,cup
2455,253,47, 1/4,cup
2456,253,17, , 
2457,253,15,1,tsp
2458,253,96, 1/2,cup
2459,253,587, 1/2,cup
2460,253,41,1,tsp
2461,253,17, , 
2462,253,45, 1/2,tsp
2463,253,95, , 
2464,253,588, , 
2465,253,589, , 
2466,254,115,1,cup
2467,254,211, 1/4,tsp
2468,254,513, , 
2469,254,17, , 
2470,254,73,5,tbsp
2471,254,185, 1/4,cup
2472,254,108,3,tbsp
2473,255,115, 1/2,cup
2474,255,22, 1/2,cup
2475,255,211, 1/2,tsp
2476,255,73, 1/4,cup
2477,255,173, , 
2478,256,115,1,cup
2479,256,73, 1/2,cup
2480,256,22, 3/4,cup
2481,256,211,1,tsp
2482,256,590, , 
2483,257,115,1,cup
2484,257,22, 1/2,cup
2485,257,591, 1/2,tsp
2486,257,11,1,tbsp
2487,257,73, , 
2488,258,26,1,tsp
2489,258,592,1,cup
2490,258,17, , 
2491,258,26,1,tsp
2492,258,58,2,tsp
2493,258,593,2, 
2494,258,26, 1/4,tsp
2495,258,594,1,cup
2496,258,595,1,cup
2497,258,596, 1/4,cup
2498,258,138, 1/2,cup
2499,259,93, 3/4,cup
2500,259,39,1,tsp
2501,259,597,4, 
2502,259,114, 1/4,cup
2503,259,598, 1/2,cup
2504,259,375, 1/2,cup
2505,259,599, 1/2,cup
2506,259,155, 1/2,cup
2507,259,600, 1/2,cup
2508,259,601,1, 
2509,259,344, 1/2,cup
2510,259,602, 1/2,cup
2511,259,603, 1/4,tsp
2512,259,17, , 
2513,259,35, 1/2,cup
2514,259,94,2,tbsp
2515,259,39,1,tsp
2516,259,327,7 to 8, 
2517,260,153, 1/2,cup
2518,260,375, 1/2,cup
2519,260,604, 1/2,cup
2520,260,380, 1/2,cup
2521,260,605, 1/2,cup
2522,260,17, , 
2523,260,87,1,tbsp
2524,260,606, 1/4,cup
2525,260,94,1,tsp
2526,260,389,2,tbsp
2527,260,39, 1/2,tsp
2528,260,41, 1/2,tsp
2529,260,8, , 
2530,261,607, 3/4,cup
2531,261,188,1 1/2,cups
2532,261,608, 1/2,cup
2533,261,523,1,tbsp
2534,262,609,8, 
2535,262,610,32, 
2536,262,133, , 
2537,262,611, , 
2538,262,133,2,tsp
2539,262,612, 1/2,cup
2540,262,161,1 1/2,tsp
2541,262,611, 1/2,tsp
2542,262,137, , 
2543,263,157,32, 
2544,263,94,1,tsp
2545,263,609,8, 
2546,263,161,2,tsp
2547,263,564, , 
2548,263,158, , 
2549,263,93,8,tsp
2550,264,613, 3/4,cup
2551,264,17, , 
2552,264,614,1,tbsp
2553,264,22,1,tbsp
2554,264,232,1,tsp
2555,264,615,2, 
2556,264,616, , 
2557,264,617, , 
2558,264,618,10, 
2559,264,619,10, 
2560,264,161, 1/4,tsp
2561,264,17, , 
2562,264,620, , 
2563,264,372, , 
2564,264,621, , 
2565,265,613, 3/4,cup
2566,265,17, , 
2567,265,614,1,tbsp
2568,265,22,1,tbsp
2569,265,232,1,tsp
2570,265,615,2, 
2571,265,616, , 
2572,265,617, , 
2573,265,618,8, 
2574,265,622,8, 
2575,265,161, 1/4,tsp
2576,265,17, , 
2577,265,620, , 
2578,265,372, , 
2579,265,621, , 
2580,266,623,1,cup
2581,266,624,5,tbsp
2582,266,53, 3/4,cup
2583,266,148, 1/2,cup
2584,266,100,1,tsp
2585,266,17, , 
2586,266,173,2,tbsp
2587,266,625, , 
2588,267,626,1 1/2,cups
2589,267,627,1,cup
2590,267,133,1,tbsp
2591,267,385, 1/2,tsp
2592,267,161,1,tsp
2593,267,17, , 
2594,268,628,1,cup
2595,268,629, 3/4,cup
2596,268,630, , 
2597,269,607, 3/4,cup
2598,269,470,1 1/2,cups
2599,269,166, 1/2,cup
2600,269,523,1 1/2,tbsp
2601,270,631, 1/2,cup
2602,270,470, 3/4,cup
2603,270,352,1,cup
2604,270,35, 3/4,cup
2605,270,169,1 1/2,tbsp
2606,270,37,1,cup
2607,271,632,2, 
2608,271,53, 1/4,cup
2609,271,40,2,tbsp
2610,271,58,1,tsp
2611,271,47,1,tbsp
2612,271,41,1,tsp
2613,271,161, 1/2,tbsp
2614,271,107,1,tbsp
2615,271,17, , 
2616,271,633, , 
2617,272,612,1,cup
2618,272,161,1,tsp
2619,272,53,2,tbsp
2620,272,41, 1/2,tsp
2621,272,17, , 
2622,272,634, , 
2623,273,635,1, 
2624,273,636, 1/2,cup
2625,273,637,3,tbsp
2626,273,161,1,tsp
2627,273,158, 1/2,tsp
2628,274,623,1,cup
2629,274,638,1,cup
2630,274,204,1,cup
2631,274,169,1,tbsp
2632,274,17, , 
2633,275,631, 1/2,cup
2634,275,526, 1/4,cup
2635,275,161,1,tbsp
2636,275,164,2,cups
2637,275,17, , 
2638,276,623, 1/2,cup
2639,276,639,1 1/2,cups
2640,276,640,1,cup
2641,276,447, 1/2,cup
2642,277,631, 1/2,cup
2643,278,626,1,cup
2644,278,641, 1/2,cup
2645,278,642, 1/2,cup
2646,278,643,1,cup
2647,278,622, 1/2,cup
2648,278,169,2,tbsp
2649,278,161, 3/4,tbsp
2650,278,36,2,tsp
2651,278,17, , 
2652,279,644,1,cup
2653,279,641, 1/2,cup
2654,279,627, 1/2,cup
2655,279,645,1,cup
2656,279,622, 1/2,cup
2657,279,169,2,tbsp
2658,279,161, 3/4,tbsp
2659,279,36,2,tsp
2660,279,17, , 
2661,280,629,1,cup
2662,280,352,1 1/2,cups
2663,280,646,1,cup
2664,280,475,1,cup
2665,281,352,1,cup
2666,281,631, 1/2,cup
2667,281,188,2,cups
2668,281,523,1,tbsp
2669,281,611, , 
2670,281,167, 1/4,tsp
2671,281,37,10, 
2672,282,623, 1/4,cup
2673,282,647, 1/2,cup
2674,282,486, 1/2,cup
2675,282,384, 1/4,cup
2676,282,546, 1/4,cup
2677,282,448, 1/2,cup
2678,282,648,2,tsp
2679,282,133,1,tbsp
2680,282,649, 1/2,tsp
2681,282,161,2,tsp
2682,282,17, , 
2683,283,644, 3/4,cup
2684,283,627, 3/4,cup
2685,283,650,1 1/2,cups
2686,283,651, 3/4,cup
2687,283,429,2,tbsp
2688,283,133,2,tbsp
2689,283,161,1,tbsp
2690,283,385, 1/4,tsp
2691,283,652,1,tbsp
2692,283,22, 1/4,tsp
2693,283,17, , 
2694,284,35,2,cups
2695,284,108,1,cup
2696,284,58,1,tsp
2697,284,17, , 
2698,284,37,4, 
